Workbook

Sheet MB_Header_CC
A1: API10 | B1: uwi | C1: lease_name | D1: well_name | E1: well_num | F1: operator | G1: rsv_cat | H1: bench_cc | I1: bench_novi | J1: bench | K1: first_prod_date | L1: comp_date | M1: hole_direction | N1: surface_lat | O1: surface_lon
A2: 4231743164 | B2: 42317431640000 | C2: HAYDEN 14-23-A | D2: HAYDEN 14-23-A 4101H | E2: 4101H | F2: XOM | G2: 01PDP | H2: WCA | I2: =IFERROR(_xlfn.XLOOKUP($A2,Novi_Header_for_missingBench_CC!$A:$A,Novi_Header_for_missingBench_CC!$K:$K),"") | J2: WCA | K2: 44348 | L2: 44376 | M2: H | N2: 32.25428 | O2: -101.8415
A3: 4231742907 | B3: 42317429070000 | C3: JACK MOHR UNIT 2 | D3: JACK MOHR UNIT 2 0266DH | E3: 0266DH | F3: XOM | G3: 01PDP | H3: Dean | I3: =IFERROR(_xlfn.XLOOKUP($A3,Novi_Header_for_missingBench_CC!$A:$A,Novi_Header_for_missingBench_CC!$K:$K),"") | J3: Dean | K3: 44593 | L3: 44612 | M3: H | N3: 32.376377 | O3: -101.81657
A4: 4231743195 | B4: 42317431950000 | C4: YOU JANE 20-25 UNIT 1 | D4: YOU JANE 20-25 UNIT 1 112 | E4: 112 | F4: FANG | G4: 01PDP | H4: LSS | I4: =IFERROR(_xlfn.XLOOKUP($A4,Novi_Header_for_missingBench_CC!$A:$A,Novi_Header_for_missingBench_CC!$K:$K),"") | J4: LSS | K4: 44287 | L4: 44314 | M4: H | N4: 32.309669 | O4: -101.98952
A5: 4231743422 | B5: 42317434220000 | C5: MINOTAUR 38-66 UNIT 1 | D5: MINOTAUR 38-66 UNIT 1 142 | E5: 142 | F5: FANG | G5: 01PDP | H5: LSS | I5: =IFERROR(_xlfn.XLOOKUP($A5,Novi_Header_for_missingBench_CC!$A:$A,Novi_Header_for_missingBench_CC!$K:$K),"") | J5: LSS | K5: 44562 | L5: 44568 | M5: H | N5: 32.440754 | O5: -101.8018
A6: 4231739955 | B6: 42317399550100 | C6: MABEE J E `B` NCT-2 | D6: MABEE J E `B` NCT-2 1508H | E6: 1508H | F6: COP | G6: 01PDP | H6: WCB | I6: =IFERROR(_xlfn.XLOOKUP($A6,Novi_Header_for_missingBench_CC!$A:$A,Novi_Header_for_missingBench_CC!$K:$K),"") | J6: WCB | K6: 42186 | L6: 42200 | M6: H | N6: 32.215614 | O6: -102.18284
A7: 4231739048 | B7: 42317390480000 | C7: MABEE 239 | D7: MABEE 239 301WB | E7: 301WB | F7: COP | G7: 01PDP | H7: WCB | I7: =IFERROR(_xlfn.XLOOKUP($A7,Novi_Header_for_missingBench_CC!$A:$A,Novi_Header_for_missingBench_CC!$K:$K),"") | J7: WCB | K7: 41760 | L7: 41758 | M7: H | N7: 32.243214 | O7: -102.16724
A8: 4231738921 | B8: 42317389210000 | C8: GLASSCOCK A5 | D8: GLASSCOCK A5 2H | E8: 2H | F8: XOM | G8: 02PDNP | H8: JM | I8: =IFERROR(_xlfn.XLOOKUP($A8,Novi_Header_for_missingBench_CC!$A:$A,Novi_Header_for_missingBench_CC!$K:$K),"") | J8: JM | K8: 41730 | L8: 41751 | M8: H | N8: 32.121895 | O8: -101.94966
A9: 4231742851 | B9: 42317428510000 | C9: SOUTH CURTIS RANCH 3409AP | D9: SOUTH CURTIS RANCH 3409AP 9H | E9: 9H | F9: OXY | G9: 01PDP | H9: WCB | I9: =IFERROR(_xlfn.XLOOKUP($A9,Novi_Header_for_missingBench_CC!$A:$A,Novi_Header_for_missingBench_CC!$K:$K),"") | J9: WCB | K9: 44256 | L9: 44265 | M9: H | N9: 32.098564 | O9: -102.1181
A10: 4231743054 | B10: 42317430540000 | C10: ROSIE THE ELEPHANT 35-23 A | D10: ROSIE THE ELEPHANT 35-23 A 1LS | E10: 1LS | F10: Birch | G10: 01PDP | H10: LSS | I10: =IFERROR(_xlfn.XLOOKUP($A10,Novi_Header_for_missingBench_CC!$A:$A,Novi_Header_for_missingBench_CC!$K:$K),"") | J10: LSS | K10: 44197 | L10: 44211 | M10: H | N10: 32.091824 | O10: -101.7803
A11: 4231743569 | B11: 42317435690000 | C11: WELCH-COX E39B | D11: WELCH-COX E39B 302H | E11: 302H | F11: XOM | G11: 01PDP | H11: JM | I11: =IFERROR(_xlfn.XLOOKUP($A11,Novi_Header_for_missingBench_CC!$A:$A,Novi_Header_for_missingBench_CC!$K:$K),"") | J11: JM | K11: 45200 | L11: 45218 | M11: H | N11: 32.262005 | O11: -101.93964
A12: 4231739850 | B12: 42317398500000 | C12: JOHNSON RANCH | D12: JOHNSON RANCH 1020LS | E12: 1020LS | F12: COP | G12: 01PDP | H12: LSS | I12: =IFERROR(_xlfn.XLOOKUP($A12,Novi_Header_for_missingBench_CC!$A:$A,Novi_Header_for_missingBench_CC!$K:$K),"") | J12: LSS | K12: 42705 | L12: 42749 | M12: H | N12: 32.165142 | O12: -102.1463
A13: 4231742678 | B13: 42317426780000 | C13: YELLOW PINE E | D13: YELLOW PINE E 6AA | E13: 6AA | F13: OXY | G13: 01PDP | H13: WCA | I13: =IFERROR(_xlfn.XLOOKUP($A13,Novi_Header_for_missingBench_CC!$A:$A,Novi_Header_for_missingBench_CC!$K:$K),"") | J13: WCA | K13: 44470 | L13: 44498 | M13: H | N13: 32.327988 | O13: -101.7107
A14: 4231739065 | B14: 42317390650100 | C14: MABEE 138 | D14: MABEE 138 802HA | E14: 802HA | F14: COP | G14: 01PDP | H14: ATOKA | I14: =IFERROR(_xlfn.XLOOKUP($A14,Novi_Header_for_missingBench_CC!$A:$A,Novi_Header_for_missingBench_CC!$K:$K),"") | J14: ATOKA | K14: 41852 | L14: 41885 | M14: H | N14: 32.204899 | O14: -102.11024
A15: 4231743381 | B15: 42317433810000 | C15: DICKENSON 7-18 WEST | D15: DICKENSON 7-18 WEST 182 | E15: 182 | F15: FANG | G15: 01PDP | H15: LSS | I15: =IFERROR(_xlfn.XLOOKUP($A15,Novi_Header_for_missingBench_CC!$A:$A,Novi_Header_for_missingBench_CC!$K:$K),"") | J15: LSS | K15: 44409 | L15: 44421 | M15: H | N15: 32.229221 | O15: -102.01102
A16: 4231743264 | B16: 42317432640000 | C16: MABEE 30A | D16: MABEE 30A 501HD | E16: 501HD | F16: OVV | G16: 01PDP | H16: JM | I16: =IFERROR(_xlfn.XLOOKUP($A16,Novi_Header_for_missingBench_CC!$A:$A,Novi_Header_for_missingBench_CC!$K:$K),"") | J16: JM | K16: 44287 | L16: 44290 | M16: H | N16: 32.368855 | O16: -102.1812
A17: 4231743405 | B17: 42317434050000 | C17: MADADOR A UNIT | D17: MADADOR A UNIT 2317JM | E17: 2317JM | F17: SM | G17: 01PDP | H17: JM | I17: =IFERROR(_xlfn.XLOOKUP($A17,Novi_Header_for_missingBench_CC!$A:$A,Novi_Header_for_missingBench_CC!$K:$K),"") | J17: JM | K17: 44440 | L17: 44465 | M17: H | N17: 32.474579 | O17: -101.69289
A18: 4231739721 | B18: 42317397210000 | C18: JOHNSON RANCH | D18: JOHNSON RANCH 1023WB | E18: 1023WB | F18: COP | G18: 01PDP | H18: WCB | I18: =IFERROR(_xlfn.XLOOKUP($A18,Novi_Header_for_missingBench_CC!$A:$A,Novi_Header_for_missingBench_CC!$K:$K),"") | J18: WCB | K18: 42125 | L18: 42167 | M18: H | N18: 32.166641 | O18: -102.13976
A19: 4231739458 | B19: 42317394580000 | C19: SALE RANCH `22B` | D19: SALE RANCH `22B` 2H | E19: 2H | F19: XOM | G19: 01PDP | H19: LSS | I19: =IFERROR(_xlfn.XLOOKUP($A19,Novi_Header_for_missingBench_CC!$A:$A,Novi_Header_for_missingBench_CC!$K:$K),"") | J19: LSS | K19: 42125 | L19: 42273 | M19: H | N19: 32.213219 | O19: -101.94164
A20: 4231743407 | B20: 42317434070000 | C20: MADADOR C | D20: MADADOR C 2367WB | E20: 2367WB | F20: SM | G20: 01PDP | H20: WCB | I20: =IFERROR(_xlfn.XLOOKUP($A20,Novi_Header_for_missingBench_CC!$A:$A,Novi_Header_for_missingBench_CC!$K:$K),"") | J20: WCB | K20: 44440 | L20: 44468 | M20: H | N20: 32.474556 | O20: -101.69298
A21: 4231739269 | B21: 42317392690000 | C21: JONES HOLTON | D21: JONES HOLTON 401H | E21: 401H | F21: FANG | G21: 01PDP | H21: WCD | I21: =IFERROR(_xlfn.XLOOKUP($A21,Novi_Header_for_missingBench_CC!$A:$A,Novi_Header_for_missingBench_CC!$K:$K),"") | J21: WCD | K21: 41852 | L21: 41853 | M21: H | N21: 32.375366 | O21: -102.01658
A22: 4231743254 | B22: 42317432540000 | C22: MT LAUREL G | D22: MT LAUREL G 102HA | E22: 102HA | F22: OXY | G22: 01PDP | H22: WCA | I22: =IFERROR(_xlfn.XLOOKUP($A22,Novi_Header_for_missingBench_CC!$A:$A,Novi_Header_for_missingBench_CC!$K:$K),"") | J22: WCA | K22: 44440 | L22: 44451 | M22: H | N22: 32.30719 | O22: -101.70613
A23: 4211533817 | B23: 42115338170000 | C23: STONECREEK UNIT | D23: STONECREEK UNIT M 1H | E23: M 1H | F23: EOG | G23: 01PDP | H23: MSS | I23: =IFERROR(_xlfn.XLOOKUP($A23,Novi_Header_for_missingBench_CC!$A:$A,Novi_Header_for_missingBench_CC!$K:$K),"") | J23: MSS | K23: 44256 | L23: 44263 | M23: H | N23: 32.632065 | O23: -102.03084
A24: 4211533820 | B24: 42115338200000 | C24: NORTHERN HARRIER 20-17 | D24: NORTHERN HARRIER 20-17 1JM | E24: 1JM | F24: Pinon | G24: 02PDNP | H24: JM | I24: =IFERROR(_xlfn.XLOOKUP($A24,Novi_Header_for_missingBench_CC!$A:$A,Novi_Header_for_missingBench_CC!$K:$K),"") | J24: JM | K24: 44256 | L24: 44285 | M24: H | N24: 32.591927 | O24: -101.78908
A25: 4231743143 | B25: 42317431430000 | C25: MABEE BREEDLOVE | D25: MABEE BREEDLOVE 2101LS | E25: 2101LS | F25: FANG | G25: 01PDP | H25: LSS | I25: =IFERROR(_xlfn.XLOOKUP($A25,Novi_Header_for_missingBench_CC!$A:$A,Novi_Header_for_missingBench_CC!$K:$K),"") | J25: LSS | K25: 44593 | L25: 44586 | M25: H | N25: 32.434906 | O25: -102.1554
A26: 4231743244 | B26: 42317432440000 | C26: JOHNSON RANCH | D26: JOHNSON RANCH 404JH | E26: 404JH | F26: COP | G26: 01PDP | H26: JM | I26: =IFERROR(_xlfn.XLOOKUP($A26,Novi_Header_for_missingBench_CC!$A:$A,Novi_Header_for_missingBench_CC!$K:$K),"") | J26: JM | K26: 44927 | L26: 44953 | M26: H | N26: 32.175995 | O26: -102.16341
A27: 4231742712 | B27: 42317427120000 | C27: T Y RANCH WEST | D27: T Y RANCH WEST 2453WB | E27: 2453WB | F27: FANG | G27: 01PDP | H27: JM | I27: =IFERROR(_xlfn.XLOOKUP($A27,Novi_Header_for_missingBench_CC!$A:$A,Novi_Header_for_missingBench_CC!$K:$K),"") | J27: JM | K27: 44835 | L27: 44855 | M27: H | N27: 32.383705 | O27: -101.99884
... A31: 4231739387 | B31: 42317393870000 | C31: WOLCOTT 253 | D31: WOLCOTT 253 1H | E31: 1H | F31: OVV | G31: 01PDP | H31: WCB | I31: =IFERROR(_xlfn.XLOOKUP($A31,Novi_Header_for_missingBench_CC!$A:$A,Novi_Header_for_missingBench_CC!$K:$K),"") | J31: WCB | K31: 41883 | L31: 41889 | M31: H | N31: 32.469456 | O31: -101.98578
A32: 4231743274 | B32: 42317432740000 | C32: STEUBEN 3 | D32: STEUBEN 3 302 | E32: 302 | F32: FANG | G32: 01PDP | H32: WCA | I32: =IFERROR(_xlfn.XLOOKUP($A32,Novi_Header_for_missingBench_CC!$A:$A,Novi_Header_for_missingBench_CC!$K:$K),"") | J32: WCA | K32: 44682 | L32: 44689 | M32: H | N32: 32.237564 | O32: -101.73781
A33: 4231742618 | B33: 42317426180000 | C33: BIG JAY 10-15 B | D33: BIG JAY 10-15 B 2DN | E33: 2DN | F33: Birch | G33: 01PDP | H33: Dean | I33: =IFERROR(_xlfn.XLOOKUP($A33,Novi_Header_for_missingBench_CC!$A:$A,Novi_Header_for_missingBench_CC!$K:$K),"") | J33: Dean | K33: 44348 | L33: 44365 | M33: H | N33: 32.287487 | O33: -101.76183
A34: 4231743393 | B34: 42317433930000 | C34: UL COMANCHE I 29-42 | D34: UL COMANCHE I 29-42 3MS | E34: 3MS | F34: FANG | G34: 01PDP | H34: MSS | I34: =IFERROR(_xlfn.XLOOKUP($A34,Novi_Header_for_missingBench_CC!$A:$A,Novi_Header_for_missingBench_CC!$K:$K),"") | J34: MSS | K34: 44593 | L34: 44609 | M34: H | N34: 32.483192 | O34: -102.18759
A35: 4231743184 | B35: 42317431840000 | C35: JIM TOM 29A | D35: JIM TOM 29A 1H | E35: 1H | F35: XOM | G35: 01PDP | H35: WCA | I35: =IFERROR(_xlfn.XLOOKUP($A35,Novi_Header_for_missingBench_CC!$A:$A,Novi_Header_for_missingBench_CC!$K:$K),"") | J35: WCA | K35: 44256 | L35: 44283 | M35: H | N35: 32.110443 | O35: -101.73927
A36: 4231743503 | B36: 42317435030000 | C36: WOODY 31C | D36: WOODY 31C 3H | E36: 3H | F36: XOM | G36: 01PDP | H36: WCB | I36: =IFERROR(_xlfn.XLOOKUP($A36,Novi_Header_for_missingBench_CC!$A:$A,Novi_Header_for_missingBench_CC!$K:$K),"") | J36: WCB | K36: 44743 | L36: 44773 | M36: H | N36: 32.274067 | O36: -101.96071
A37: 4231738835 | B37: 42317388350000 | C37: CURTIS RANCH SOUTH | D37: CURTIS RANCH SOUTH 3520H | E37: 3520H | F37: OXY | G37: 01PDP | H37: WCB | I37: =IFERROR(_xlfn.XLOOKUP($A37,Novi_Header_for_missingBench_CC!$A:$A,Novi_Header_for_missingBench_CC!$K:$K),"") | J37: WCB | K37: 41699 | L37: 41689 | M37: H | N37: 32.110207 | O37: -102.10311
A38: 4231741522 | B38: 42317415220000 | C38: THIRSTY GOAT E UNIT | D38: THIRSTY GOAT E UNIT 1WA | E38: 1WA | F38: OVV | G38: 01PDP | H38: WCA | I38: =IFERROR(_xlfn.XLOOKUP($A38,Novi_Header_for_missingBench_CC!$A:$A,Novi_Header_for_missingBench_CC!$K:$K),"") | J38: WCA | K38: 44166 | L38: 44147 | M38: H | N38: 32.465279 | O38: -101.82525
A39: 4231742460 | B39: 42317424600000 | C39: DARK STAR UNIT 1 | D39: DARK STAR UNIT 1 2123SH | E39: 2123SH | F39: XOM | G39: 01PDP | H39: LSS | I39: =IFERROR(_xlfn.XLOOKUP($A39,Novi_Header_for_missingBench_CC!$A:$A,Novi_Header_for_missingBench_CC!$K:$K),"") | J39: LSS | K39: 44287 | L39: 44331 | M39: H | N39: 32.269638 | O39: -101.77313
A40: 4231741656 | B40: 42317416560000 | C40: NORTHEAST SCHARBAUER | D40: NORTHEAST SCHARBAUER 1217H | E40: 1217H | F40: XOM | G40: 01PDP | H40: LSS | I40: =IFERROR(_xlfn.XLOOKUP($A40,Novi_Header_for_missingBench_CC!$A:$A,Novi_Header_for_missingBench_CC!$K:$K),"") | J40: LSS | K40: 44805 | L40: 44805 | M40: H | N40: 32.286781 | O40: -102.08073
A41: 4231743489 | B41: 42317434890000 | C41: BLACK LAGOON 2-3 UNIT 2 | D41: BLACK LAGOON 2-3 UNIT 2 264 | E41: 264 | F41: FANG | G41: 01PDP | H41: WCA | I41: =IFERROR(_xlfn.XLOOKUP($A41,Novi_Header_for_missingBench_CC!$A:$A,Novi_Header_for_missingBench_CC!$K:$K),"") | J41: WCA | K41: 44562 | L41: 44563 | M41: H | N41: 32.235786 | O41: -102.04698
A42: 4231743542 | B42: 42317435420000 | C42: WELCH-COX W39L | D42: WELCH-COX W39L 212H | E42: 212H | F42: XOM | G42: 01PDP | H42: LSS | I42: =IFERROR(_xlfn.XLOOKUP($A42,Novi_Header_for_missingBench_CC!$A:$A,Novi_Header_for_missingBench_CC!$K:$K),"") | J42: LSS | K42: 44927 | L42: 44953 | M42: H | N42: 32.260189 | O42: -101.94772
A43: 4231742555 | B43: 42317425550000 | C43: KNOX 3 | D43: KNOX 3 102 | E43: 102 | F43: FANG | G43: 01PDP | H43: WCB | I43: =IFERROR(_xlfn.XLOOKUP($A43,Novi_Header_for_missingBench_CC!$A:$A,Novi_Header_for_missingBench_CC!$K:$K),"") | J43: WCB | K43: 44378 | L43: 44392 | M43: H | N43: 32.113594 | O43: -101.79185
A44: 4231742690 | B44: 42317426900000 | C44: ROSALIE 6-3 UNIT 2 | D44: ROSALIE 6-3 UNIT 2 172 | E44: 172 | F44: FANG | G44: 01PDP | H44: LSS | I44: =IFERROR(_xlfn.XLOOKUP($A44,Novi_Header_for_missingBench_CC!$A:$A,Novi_Header_for_missingBench_CC!$K:$K),"") | J44: LSS | K44: 44866 | L44: 44866 | M44: H | N44: 32.234898 | O44: -102.04905
A45: 4231739491 | B45: 42317394910000 | C45: DOROTHY FAYE -K- | D45: DOROTHY FAYE -K- 5H | E45: 5H | F45: OVV | G45: 01PDP | H45: WCB | I45: =IFERROR(_xlfn.XLOOKUP($A45,Novi_Header_for_missingBench_CC!$A:$A,Novi_Header_for_missingBench_CC!$K:$K),"") | J45: WCB | K45: 41913 | L45: 41913 | M45: H | N45: 32.315956 | O45: -102.15429
A46: 4231743559 | B46: 42317435590000 | C46: WELCH-COX W39P | D46: WELCH-COX W39P 216H | E46: 216H | F46: XOM | G46: 01PDP | H46: LSS | I46: =IFERROR(_xlfn.XLOOKUP($A46,Novi_Header_for_missingBench_CC!$A:$A,Novi_Header_for_missingBench_CC!$K:$K),"") | J46: LSS | K46: 44958 | L46: 44960 | M46: H | N46: 32.260277 | O46: -101.94734
A47: 4231742416 | B47: 42317424160000 | C47: SHAPE SHIFTER UNIT 80-85 | D47: SHAPE SHIFTER UNIT 80-85 6SH | E47: 6SH | F47: Element | G47: 01PDP | H47: LSS | I47: =IFERROR(_xlfn.XLOOKUP($A47,Novi_Header_for_missingBench_CC!$A:$A,Novi_Header_for_missingBench_CC!$K:$K),"") | J47: LSS | K47: 43831 | L47: 43899 | M47: H | N47: 32.46954 | O47: -101.9182
A48: 4211533832 | B48: 42115338320000 | C48: MIDLETON 17-7 | D48: MIDLETON 17-7 1MS | E48: 1MS | F48: Burleson | G48: 01PDP | H48: MSS | I48: =IFERROR(_xlfn.XLOOKUP($A48,Novi_Header_for_missingBench_CC!$A:$A,Novi_Header_for_missingBench_CC!$K:$K),"") | J48: MSS | K48: 44593 | L48: 44593 | M48: H | N48: 32.546318 | O48: -102.12824
A49: 4231742070 | B49: 42317420700000 | C49: TITOS 31-42 | D49: TITOS 31-42 1WA | E49: 1WA | F49: OVV | G49: 01PDP | H49: WCA | I49: =IFERROR(_xlfn.XLOOKUP($A49,Novi_Header_for_missingBench_CC!$A:$A,Novi_Header_for_missingBench_CC!$K:$K),"") | J49: WCA | K49: 43647 | L49: 43677 | M49: H | N49: 32.467045 | O49: -101.76188
A50: 4231742798 | B50: 42317427980000 | C50: MABEE BREEDLOVE V | D50: MABEE BREEDLOVE V 4008JM | E50: 4008JM | F50: FANG | G50: 01PDP | H50: JM | I50: =IFERROR(_xlfn.XLOOKUP($A50,Novi_Header_for_missingBench_CC!$A:$A,Novi_Header_for_missingBench_CC!$K:$K),"") | J50: JM | K50: 44287 | L50: 44308 | M50: H | N50: 32.438564 | O50: -102.15787
A51: 4231741622 | B51: 42317416220100 | C51: DOVE-SCHARBAUER W9B | D51: DOVE-SCHARBAUER W9B 2H | E51: 2H | F51: XOM | G51: 01PDP | H51: WCB | I51: =IFERROR(_xlfn.XLOOKUP($A51,Novi_Header_for_missingBench_CC!$A:$A,Novi_Header_for_missingBench_CC!$K:$K),"") | J51: WCB | K51: 43678 | L51: 43697 | M51: H | N51: 32.257473 | O51: -102.07554
A52: 4231741109 | B52: 42317411090000 | C52: UL COMANCHE A4144 UNIT | D52: UL COMANCHE A4144 UNIT 5 | E52: 5 | F52: FANG | G52: 01PDP | H52: WCA | I52: =IFERROR(_xlfn.XLOOKUP($A52,Novi_Header_for_missingBench_CC!$A:$A,Novi_Header_for_missingBench_CC!$K:$K),"") | J52: WCA | K52: 43252 | L52: 43243 | M52: H | N52: 32.46558 | O52: -102.20119
A53: 4231741302 | B53: 42317413020000 | C53: HN 249X | D53: HN 249X 8HE | E53: 8HE | F53: OVV | G53: 01PDP | H53: LSS | I53: =IFERROR(_xlfn.XLOOKUP($A53,Novi_Header_for_missingBench_CC!$A:$A,Novi_Header_for_missingBench_CC!$K:$K),"") | J53: LSS | K53: 43313 | L53: 43320 | M53: H | N53: 32.393276 | O53: -102.13114
A54: 4231742704 | B54: 42317427040000 | C54: SOUTH CURTIS RANCH 3403BP | D54: SOUTH CURTIS RANCH 3403BP 3H | E54: 3H | F54: OXY | G54: 01PDP | H54: WCB | I54: =IFERROR(_xlfn.XLOOKUP($A54,Novi_Header_for_missingBench_CC!$A:$A,Novi_Header_for_missingBench_CC!$K:$K),"") | J54: WCB | K54: 44256 | L54: 44274 | M54: H | N54: 32.095539 | O54: -102.12746
A55: 4231743231 | B55: 42317432310000 | C55: HAMMER | D55: HAMMER 105JM | E55: 105JM | F55: OXY | G55: 01PDP | H55: JM | I55: =IFERROR(_xlfn.XLOOKUP($A55,Novi_Header_for_missingBench_CC!$A:$A,Novi_Header_for_missingBench_CC!$K:$K),"") | J55: JM | K55: 44652 | L55: 44631 | M55: H | N55: 32.137894 | O55: -102.00846
A56: 4231743472 | B56: 42317434720000 | C56: SMITH JALONICK 16-21 E | D56: SMITH JALONICK 16-21 E 2WA | E56: 2WA | F56: FANG | G56: 01PDP | H56: WCA | I56: =IFERROR(_xlfn.XLOOKUP($A56,Novi_Header_for_missingBench_CC!$A:$A,Novi_Header_for_missingBench_CC!$K:$K),"") | J56: WCA | K56: 44682 | L56: 44699 | M56: H | N56: 32.108589 | O56: -101.93504
A57: 4231742445 | B57: 42317424450100 | C57: GEORGE WASHINGTON WOLCOTT (AJ) | D57: GEORGE WASHINGTON WOLCOTT (AJ) 7LA | E57: 7LA | F57: FANG | G57: 01PDP | H57: WCA | I57: =IFERROR(_xlfn.XLOOKUP($A57,Novi_Header_for_missingBench_CC!$A:$A,Novi_Header_for_missingBench_CC!$K:$K),"") | J57: WCA | K57: 44075 | L57: 44098 | M57: H | N57: 32.436394 | O57: -102.04198
A58: 4231741050 | B58: 42317410500000 | C58: TARZAN UNIT 2 | D58: TARZAN UNIT 2 2008BH | E58: 2008BH | F58: XOM | G58: 01PDP | H58: WCB | I58: =IFERROR(_xlfn.XLOOKUP($A58,Novi_Header_for_missingBench_CC!$A:$A,Novi_Header_for_missingBench_CC!$K:$K),"") | J58: WCB | K58: 43405 | L58: 43409 | M58: H | N58: 32.316433 | O58: -101.81052
A59: 4231741112 | B59: 42317411120000 | C59: T Y RANCH | D59: T Y RANCH 65S | E59: 65S | F59: FANG | G59: 01PDP | H59: WCA | I59: =IFERROR(_xlfn.XLOOKUP($A59,Novi_Header_for_missingBench_CC!$A:$A,Novi_Header_for_missingBench_CC!$K:$K),"") | J59: WCA | K59: 43160 | L59: 43165 | M59: H | N59: 32.391193 | O59: -101.9836
A60: 4231741946 | B60: 42317419460000 | C60: ROSALIE 6-3 UNIT 2 | D60: ROSALIE 6-3 UNIT 2 282 | E60: 282 | F60: FANG | G60: 01PDP | H60: WCB | I60: =IFERROR(_xlfn.XLOOKUP($A60,Novi_Header_for_missingBench_CC!$A:$A,Novi_Header_for_missingBench_CC!$K:$K),"") | J60: WCB | K60: 43647 | L60: 43666 | M60: H | N60: 32.2351 | O60: -102.04877
A61: 4231741232 | B61: 42317412320000 | C61: STEUBEN 3 | D61: STEUBEN 3 301 | E61: 301 | F61: FANG | G61: 01PDP | H61: WCD | I61: =IFERROR(_xlfn.XLOOKUP($A61,Novi_Header_for_missingBench_CC!$A:$A,Novi_Header_for_missingBench_CC!$K:$K),"") | J61: WCD | K61: 43313 | L61: 43318 | M61: H | N61: 32.237633 | O61: -101.73782
A62: 4231743421 | B62: 42317434210000 | C62: MINOTAUR 38-66 UNIT 1 | D62: MINOTAUR 38-66 UNIT 1 241 | E62: 241 | F62: FANG | G62: 01PDP | H62: WCA | I62: =IFERROR(_xlfn.XLOOKUP($A62,Novi_Header_for_missingBench_CC!$A:$A,Novi_Header_for_missingBench_CC!$K:$K),"") | J62: WCA | K62: 44562 | L62: 44568 | M62: H | N62: 32.440769 | O62: -101.80172
A63: 4231742243 | B63: 42317422430000 | C63: TOE NAIL G | D63: TOE NAIL G 12AR | E63: 12AR | F63: OXY | G63: 01PDP | H63: WCA | I63: =IFERROR(_xlfn.XLOOKUP($A63,Novi_Header_for_missingBench_CC!$A:$A,Novi_Header_for_missingBench_CC!$K:$K),"") | J63: WCA | K63: 43922 | L63: 43866 | M63: H | N63: 32.111179 | O63: -101.99774
A64: 4231743562 | B64: 42317435620000 | C64: BLISSARD D | D64: BLISSARD D 2030LS | E64: 2030LS | F64: SM | G64: 01PDP | H64: LSS | I64: =IFERROR(_xlfn.XLOOKUP($A64,Novi_Header_for_missingBench_CC!$A:$A,Novi_Header_for_missingBench_CC!$K:$K),"") | J64: LSS | K64: 44652 | L64: 44677 | M64: H | N64: 32.14122 | O64: -101.73946
A65: 4231742278 | B65: 42317422780000 | C65: HOLCOMB 68-41 G | D65: HOLCOMB 68-41 G 271 | E65: 271 | F65: FANG | G65: 01PDP | H65: WCB | I65: =IFERROR(_xlfn.XLOOKUP($A65,Novi_Header_for_missingBench_CC!$A:$A,Novi_Header_for_missingBench_CC!$K:$K),"") | J65: WCB | K65: 43800 | L65: 43823 | M65: H | N65: 32.431194 | O65: -101.84248
A66: 4231742971 | B66: 42317429710000 | C66: JACK MOHR UNIT 1 | D66: JACK MOHR UNIT 1 0224SH | E66: 0224SH | F66: XOM | G66: 01PDP | H66: LSS | I66: =IFERROR(_xlfn.XLOOKUP($A66,Novi_Header_for_missingBench_CC!$A:$A,Novi_Header_for_missingBench_CC!$K:$K),"") | J66: LSS | K66: 44562 | L66: 44583 | M66: H | N66: 32.375423 | O66: -101.82052
A67: 4231743127 | B67: 42317431270000 | C67: WOODY 38C | D67: WOODY 38C 3H | E67: 3H | F67: XOM | G67: 01PDP | H67: WCB | I67: =IFERROR(_xlfn.XLOOKUP($A67,Novi_Header_for_missingBench_CC!$A:$A,Novi_Header_for_missingBench_CC!$K:$K),"") | J67: WCB | K67: 44317 | L67: 44332 | M67: H | N67: 32.261604 | O67: -101.96574
A68: 4231742015 | B68: 42317420150000 | C68: SCHARBAUER | D68: SCHARBAUER 102HM | E68: 102HM | F68: CIVI | G68: 01PDP | H68: MSS | I68: =IFERROR(_xlfn.XLOOKUP($A68,Novi_Header_for_missingBench_CC!$A:$A,Novi_Header_for_missingBench_CC!$K:$K),"") | J68: MSS | K68: 43800 | L68: 43812 | M68: H | N68: 32.227226 | O68: -102.09286
A69: 4231743482 | B69: 42317434820000 | C69: FOREMAN-JONES 40F | D69: FOREMAN-JONES 40F 309H | E69: 309H | F69: XOM | G69: 01PDP | H69: JM | I69: =IFERROR(_xlfn.XLOOKUP($A69,Novi_Header_for_missingBench_CC!$A:$A,Novi_Header_for_missingBench_CC!$K:$K),"") | J69: JM | K69: 44562 | L69: 44585 | M69: H | N69: 32.301117 | O69: -101.87839
A70: 4231741839 | B70: 42317418390000 | C70: HNC 248C | D70: HNC 248C 607HD | E70: 607HD | F70: OVV | G70: 01PDP | H70: JM | I70: =IFERROR(_xlfn.XLOOKUP($A70,Novi_Header_for_missingBench_CC!$A:$A,Novi_Header_for_missingBench_CC!$K:$K),"") | J70: JM | K70: 43556 | L70: 43567 | M70: H | N70: 32.362858 | O70: -102.13171
A71: 4231743285 | B71: 42317432850000 | C71: BLAGRAVE K 31-43 | D71: BLAGRAVE K 31-43 2811H | E71: 2811H | F71: XOM | G71: 01PDP | H71: LSS | I71: =IFERROR(_xlfn.XLOOKUP($A71,Novi_Header_for_missingBench_CC!$A:$A,Novi_Header_for_missingBench_CC!$K:$K),"") | J71: LSS | K71: 44440 | L71: 44440 | M71: H | N71: 32.466225 | O71: -101.75607
A72: 4231741399 | B72: 42317413990000 | C72: FLETCHER 2 | D72: FLETCHER 2 102 | E72: 102 | F72: FANG | G72: 01PDP | H72: WCB | I72: =IFERROR(_xlfn.XLOOKUP($A72,Novi_Header_for_missingBench_CC!$A:$A,Novi_Header_for_missingBench_CC!$K:$K),"") | J72: WCB | K72: 43374 | L72: 43393 | M72: H | N72: 32.097599 | O72: -101.83104
A73: 4231741578 | B73: 42317415780000 | C73: WHITAKER 22-27 UNIT | D73: WHITAKER 22-27 UNIT 2249WA | E73: 2249WA | F73: SM | G73: 01PDP | H73: WCA | I73: =IFERROR(_xlfn.XLOOKUP($A73,Novi_Header_for_missingBench_CC!$A:$A,Novi_Header_for_missingBench_CC!$K:$K),"") | J73: WCA | K73: 43556 | L73: 43565 | M73: H | N73: 32.148445 | O73: -101.71006
A74: 4231743536 | B74: 42317435360000 | C74: CROSS BAR RANCH A8 | D74: CROSS BAR RANCH A8 3109JH | E74: 3109JH | F74: COP | G74: 01PDP | H74: JM | I74: =IFERROR(_xlfn.XLOOKUP($A74,Novi_Header_for_missingBench_CC!$A:$A,Novi_Header_for_missingBench_CC!$K:$K),"") | J74: JM | K74: 44682 | L74: 44684 | M74: H | N74: 32.108944 | O74: -102.19986
A75: 4231742685 | B75: 42317426850000 | C75: DOOLITTLE 11 | D75: DOOLITTLE 11 204 | E75: 204 | F75: FANG | G75: 01PDP | H75: LSS | I75: =IFERROR(_xlfn.XLOOKUP($A75,Novi_Header_for_missingBench_CC!$A:$A,Novi_Header_for_missingBench_CC!$K:$K),"") | J75: LSS | K75: 44652 | L75: 44657 | M75: H | N75: 32.22646 | O75: -101.75034
A76: 4231742393 | B76: 42317423930000 | C76: HNE 249R | D76: HNE 249R 1HE | E76: 1HE | F76: OVV | G76: 01PDP | H76: LSS | I76: =IFERROR(_xlfn.XLOOKUP($A76,Novi_Header_for_missingBench_CC!$A:$A,Novi_Header_for_missingBench_CC!$K:$K),"") | J76: LSS | K76: 43770 | L76: 43771 | M76: H | N76: 32.399288 | O76: -102.10671
A77: 4231741518 | B77: 42317415180000 | C77: MERRICK UNIT 2 | D77: MERRICK UNIT 2 1117AH | E77: 1117AH | F77: XOM | G77: 01PDP | H77: WCA | I77: =IFERROR(_xlfn.XLOOKUP($A77,Novi_Header_for_missingBench_CC!$A:$A,Novi_Header_for_missingBench_CC!$K:$K),"") | J77: WCA | K77: 43497 | L77: 43515 | M77: H | N77: 32.375675 | O77: -101.8315
A78: 4231741648 | B78: 42317416480100 | C78: MATTINGLEY 14-26 UNIT 2 | D78: MATTINGLEY 14-26 UNIT 2 281 | E78: 281 | F78: FANG | G78: 01PDP | H78: WCA | I78: =IFERROR(_xlfn.XLOOKUP($A78,Novi_Header_for_missingBench_CC!$A:$A,Novi_Header_for_missingBench_CC!$K:$K),"") | J78: WCA | K78: 43586 | L78: 43589 | M78: H | N78: 32.323116 | O78: -101.98721
A79: 4231741135 | B79: 42317411350000 | C79: SCHARBAUER NORTHEAST | D79: SCHARBAUER NORTHEAST 1118H | E79: 1118H | F79: XOM | G79: 01PDP | H79: LSS | I79: =IFERROR(_xlfn.XLOOKUP($A79,Novi_Header_for_missingBench_CC!$A:$A,Novi_Header_for_missingBench_CC!$K:$K),"") | J79: LSS | K79: 43282 | L79: 43299 | M79: H | N79: 32.286476 | O79: -102.07234
A80: 4231741337 | B80: 42317413370000 | C80: JOHN B | D80: JOHN B 05BU | E80: 05BU | F80: FANG | G80: 01PDP | H80: WCA | I80: =IFERROR(_xlfn.XLOOKUP($A80,Novi_Header_for_missingBench_CC!$A:$A,Novi_Header_for_missingBench_CC!$K:$K),"") | J80: WCA | K80: 43374 | L80: 43395 | M80: H | N80: 32.332829 | O80: -101.97865
A81: 4231742964 | B81: 42317429640000 | C81: JACK MOHR UNIT 1 | D81: JACK MOHR UNIT 1 0203BH | E81: 0203BH | F81: XOM | G81: 01PDP | H81: WCB | I81: =IFERROR(_xlfn.XLOOKUP($A81,Novi_Header_for_missingBench_CC!$A:$A,Novi_Header_for_missingBench_CC!$K:$K),"") | J81: WCB | K81: 44562 | L81: 44582 | M81: H | N81: 32.375355 | O81: -101.82083
A82: 4231743201 | B82: 42317432010000 | C82: YOU JANE 20-25 UNIT 1 | D82: YOU JANE 20-25 UNIT 1 132 | E82: 132 | F82: FANG | G82: 01PDP | H82: JM | I82: =IFERROR(_xlfn.XLOOKUP($A82,Novi_Header_for_missingBench_CC!$A:$A,Novi_Header_for_missingBench_CC!$K:$K),"") | J82: JM | K82: 44317 | L82: 44313 | M82: H | N82: 32.308891 | O82: -101.99289
A83: 4231743433 | B83: 42317434330000 | C83: HSE 320U | D83: HSE 320U 2110HD | E83: 2110HD | F83: OVV | G83: 01PDP | H83: JM | I83: =IFERROR(_xlfn.XLOOKUP($A83,Novi_Header_for_missingBench_CC!$A:$A,Novi_Header_for_missingBench_CC!$K:$K),"") | J83: JM | K83: 44531 | L83: 44531 | M83: H | N83: 32.350327 | O83: -102.09019
A84: 4231743026 | B84: 42317430260000 | C84: MABEE DDA D19 | D84: MABEE DDA D19 2106AH | E84: 2106AH | F84: COP | G84: 01PDP | H84: WCA | I84: =IFERROR(_xlfn.XLOOKUP($A84,Novi_Header_for_missingBench_CC!$A:$A,Novi_Header_for_missingBench_CC!$K:$K),"") | J84: WCA | K84: 44256 | L84: 44267 | M84: H | N84: 32.259968 | O84: -102.2095
A85: 4231743292 | B85: 42317432920000 | C85: UNIVERSITY LANDS AUDIBLE 30-44 F | D85: UNIVERSITY LANDS AUDIBLE 30-44 F 2WA | E85: 2WA | F85: FANG | G85: 01PDP | H85: WCA | I85: =IFERROR(_xlfn.XLOOKUP($A85,Novi_Header_for_missingBench_CC!$A:$A,Novi_Header_for_missingBench_CC!$K:$K),"") | J85: WCA | K85: 44440 | L85: 44442 | M85: H | N85: 32.474144 | O85: -102.20947
A86: 4231741119 | B86: 42317411190000 | C86: BERLINDA ANN | D86: BERLINDA ANN 2363WB | E86: 2363WB | F86: SM | G86: 01PDP | H86: WCB | I86: =IFERROR(_xlfn.XLOOKUP($A86,Novi_Header_for_missingBench_CC!$A:$A,Novi_Header_for_missingBench_CC!$K:$K),"") | J86: WCB | K86: 43313 | L86: 43332 | M86: H | N86: 32.150856 | O86: -101.69588
A87: 4231743106 | B87: 42317431060000 | C87: VLT WEATHERBY UNIT | D87: VLT WEATHERBY UNIT 0151WB | E87: 0151WB | F87: CVX | G87: 01PDP | H87: WCB | I87: =IFERROR(_xlfn.XLOOKUP($A87,Novi_Header_for_missingBench_CC!$A:$A,Novi_Header_for_missingBench_CC!$K:$K),"") | J87: WCB | K87: 44197 | L87: 44211 | M87: H | N87: 32.193253 | O87: -101.7538
A88: 4231743221 | B88: 42317432210000 | C88: HORNED FROG 46 A | D88: HORNED FROG 46 A 1LS | E88: 1LS | F88: FANG | G88: 01PDP | H88: LSS | I88: =IFERROR(_xlfn.XLOOKUP($A88,Novi_Header_for_missingBench_CC!$A:$A,Novi_Header_for_missingBench_CC!$K:$K),"") | J88: LSS | K88: 44409 | L88: 44426 | M88: H | N88: 32.434261 | O88: -101.69026
A89: 4231742981 | B89: 42317429810000 | C89: UNIVERSITY LANDS COTTONFLAT G | D89: UNIVERSITY LANDS COTTONFLAT G 4102WA | E89: 4102WA | F89: FANG | G89: 01PDP | H89: WCA | I89: =IFERROR(_xlfn.XLOOKUP($A89,Novi_Header_for_missingBench_CC!$A:$A,Novi_Header_for_missingBench_CC!$K:$K),"") | J89: WCA | K89: 44197 | L89: 44210 | M89: H | N89: 32.460247 | O89: -102.20777
A90: 4231741293 | B90: 42317412930000 | C90: SALE RANCH 13B | D90: SALE RANCH 13B 102H | E90: 102H | F90: XOM | G90: 01PDP | H90: LSS | I90: =IFERROR(_xlfn.XLOOKUP($A90,Novi_Header_for_missingBench_CC!$A:$A,Novi_Header_for_missingBench_CC!$K:$K),"") | J90: LSS | K90: 43435 | L90: 43443 | M90: H | N90: 32.226227 | O90: -101.90971
A91: 4231741049 | B91: 42317410490000 | C91: MCMURRY-CRIM 60 | D91: MCMURRY-CRIM 60 106HA | E91: 106HA | F91: CIVI | G91: 01PDP | H91: WCA | I91: =IFERROR(_xlfn.XLOOKUP($A91,Novi_Header_for_missingBench_CC!$A:$A,Novi_Header_for_missingBench_CC!$K:$K),"") | J91: WCA | K91: 43252 | L91: 43257 | M91: H | N91: 32.207329 | O91: -101.77809
A92: 4231741938 | B92: 42317419380000 | C92: TOE NAIL F | D92: TOE NAIL F 9LM | E92: 9LM | F92: OXY | G92: 01PDP | H92: LSS | I92: =IFERROR(_xlfn.XLOOKUP($A92,Novi_Header_for_missingBench_CC!$A:$A,Novi_Header_for_missingBench_CC!$K:$K),"") | J92: LSS | K92: 43862 | L92: 43867 | M92: H | N92: 32.111115 | O92: -101.99802
A93: 4231741037 | B93: 42317410370000 | C93: DOROTHY FAYE K 319X | D93: DOROTHY FAYE K 319X 3HE | E93: 3HE | F93: OVV | G93: 01PDP | H93: LSS | I93: =IFERROR(_xlfn.XLOOKUP($A93,Novi_Header_for_missingBench_CC!$A:$A,Novi_Header_for_missingBench_CC!$K:$K),"") | J93: LSS | K93: 43160 | L93: 43224 | M93: H | N93: 32.314842 | O93: -102.15241
A94: 4231743211 | B94: 42317432110000 | C94: HSC 320B | D94: HSC 320B 514HD | E94: 514HD | F94: OVV | G94: 01PDP | H94: JM | I94: =IFERROR(_xlfn.XLOOKUP($A94,Novi_Header_for_missingBench_CC!$A:$A,Novi_Header_for_missingBench_CC!$K:$K),"") | J94: JM | K94: 44228 | L94: 44249 | M94: H | N94: 32.332729 | O94: -102.12175
... A98: 4231742914 | B98: 42317429140000 | C98: JACK MOHR UNIT 2 | D98: JACK MOHR UNIT 2 0218AH | E98: 0218AH | F98: XOM | G98: 01PDP | H98: WCA | I98: =IFERROR(_xlfn.XLOOKUP($A98,Novi_Header_for_missingBench_CC!$A:$A,Novi_Header_for_missingBench_CC!$K:$K),"") | J98: WCA | K98: 44593 | L98: 44591 | M98: H | N98: 32.376083 | O98: -101.81184
A99: 4231743280 | B99: 42317432800000 | C99: KRAKEN 10-3 UNIT 2 | D99: KRAKEN 10-3 UNIT 2 181 | E99: 181 | F99: FANG | G99: 01PDP | H99: LSS | I99: =IFERROR(_xlfn.XLOOKUP($A99,Novi_Header_for_missingBench_CC!$A:$A,Novi_Header_for_missingBench_CC!$K:$K),"") | J99: LSS | K99: 44378 | L99: 44385 | M99: H | N99: 32.406914 | O99: -101.69207
A100: 4231741682 | B100: 42317416820000 | C100: SCHARBAUER RANCH | D100: SCHARBAUER RANCH 1203H | E100: 1203H | F100: XOM | G100: 01PDP | H100: MSS | I100: =IFERROR(_xlfn.XLOOKUP($A100,Novi_Header_for_missingBench_CC!$A:$A,Novi_Header_for_missingBench_CC!$K:$K),"") | J100: MSS | K100: 43556 | L100: 43515 | M100: H | N100: 32.278183 | O100: -102.12438
A101: 4231742188 | B101: 42317421880000 | C101: ARNOLD 2 | D101: ARNOLD 2 103 | E101: 103 | F101: FANG | G101: 01PDP | H101: WCA | I101: =IFERROR(_xlfn.XLOOKUP($A101,Novi_Header_for_missingBench_CC!$A:$A,Novi_Header_for_missingBench_CC!$K:$K),"") | J101: WCA | K101: 43800 | L101: 43825 | M101: H | N101: 32.465183 | O101: -101.89517
A102: 4231742991 | B102: 42317429910000 | C102: JACK MOHR UNIT 3 | D102: JACK MOHR UNIT 3 0113AH | E102: 0113AH | F102: XOM | G102: 01PDP | H102: WCA | I102: =IFERROR(_xlfn.XLOOKUP($A102,Novi_Header_for_missingBench_CC!$A:$A,Novi_Header_for_missingBench_CC!$K:$K),"") | J102: WCA | K102: 44621 | L102: 44639 | M102: H | N102: 32.376823 | O102: -101.80659
A103: 4231743109 | B103: 42317431090000 | C103: FEARLESS 136-137 A | D103: FEARLESS 136-137 A 8WB | E103: 8WB | F103: FANG | G103: 01PDP | H103: WCB | I103: =IFERROR(_xlfn.XLOOKUP($A103,Novi_Header_for_missingBench_CC!$A:$A,Novi_Header_for_missingBench_CC!$K:$K),"") | J103: WCB | K103: 44287 | L103: 44291 | M103: H | N103: 32.31702 | O103: -102.04597
A104: 4231742947 | B104: 42317429470000 | C104: UNIVERSITY 7-14A | D104: UNIVERSITY 7-14A 101H | E104: 101H | F104: XOM | G104: 01PDP | H104: MSS | I104: =IFERROR(_xlfn.XLOOKUP($A104,Novi_Header_for_missingBench_CC!$A:$A,Novi_Header_for_missingBench_CC!$K:$K),"") | J104: MSS | K104: 44501 | L104: 44523 | M104: H | N104: 32.428768 | O104: -102.17929
A105: 4231740851 | B105: 42317408510000 | C105: ACT A | D105: ACT A 08MA | E105: 08MA | F105: FANG | G105: 01PDP | H105: MSS | I105: =IFERROR(_xlfn.XLOOKUP($A105,Novi_Header_for_missingBench_CC!$A:$A,Novi_Header_for_missingBench_CC!$K:$K),"") | J105: MSS | K105: 43160 | L105: 43193 | M105: H | N105: 32.355625 | O105: -101.95321
A106: 4231741829 | B106: 42317418290000 | C106: STRAIN 20 UNIT 1 | D106: STRAIN 20 UNIT 1 2044SH | E106: 2044SH | F106: XOM | G106: 01PDP | H106: LSS | I106: =IFERROR(_xlfn.XLOOKUP($A106,Novi_Header_for_missingBench_CC!$A:$A,Novi_Header_for_missingBench_CC!$K:$K),"") | J106: LSS | K106: 43770 | L106: 43783 | M106: H | N106: 32.266659 | O106: -101.78484
...

Sheet Novi_Header_for_missingBench_CC
A1: API10/UWI | B1: Name | C1: Direction | D1: Type | E1: Original Operator | F1: Current Operator | G1: Current Operator Entity | H1: Last Well Status | I1: Reported Well Status | J1: Lease ID | K1: Formation | L1: Reported Formation | M1: Grid Formation | N1: TVD | O1: TVDSS | P1: MD | Q1: Altitude | R1: Ticker | S1: Is Public
A2: 4213543411 | B2: EDWARDS 31 8HA | C2: Horizontal | D2: Oil | E2: Adventure Operating Company | F2: Adventure Operating Company | G2: ADVENTURE OPERATING COMPANY, LLC | H2: Plugged | J2: 08;48245 | K2: SAN ANDRES | L2: San Andres | N2: 4104 | O2: 1187 | P2: 9341 | Q2: 2917 | S2: f
A3: 4213543764 | B3: RED BARCHETTA 30-19 1BN | C3: Horizontal | D3: Oil | E3: Diamondback | F3: Diamondback | G3: DIAMONDBACK E&P LLC | H3: Producing | J3: 08;62612 | K3: SUB-WOODFORD | L3: Dean | M3: Sub-Woodford | N3: 10782 | O3: 7829 | P3: 21463 | Q3: 2953 | R3: FANG | S3: t
A4: 4213543852 | B4: TERRY 1H | C4: Horizontal | D4: Oil | E4: Ares Energy | F4: Ares Energy | G4: ARES ENERGY, LTD. | H4: Producing | J4: 08;60726 | K4: MISSISSIPPIAN | L4: Wolfcamp | M4: Mississippian | N4: 11692 | O4: 8582 | P4: 22382 | Q4: 3110 | S4: f
A5: 4213543894 | B5: TOM SAWYER 43-6 C 4BN | C5: Horizontal | D5: Oil | E5: Diamondback | F5: Diamondback | G5: DIAMONDBACK E&P LLC | H5: Producing | J5: 08;59507 | K5: BARNETT | L5: Dean | M5: Barnett | N5: 10481 | O5: 7597 | P5: 21415 | Q5: 2884 | R5: FANG | S5: t
A6: 4213543897 | B6: H.S. RATLIFF 85-17A 1H | C6: Horizontal | D6: Oil | E6: Continental Resources | F6: Continental Resources | G6: CONTINENTAL RESOURCES, INC. | H6: Producing | J6: 08;59003 | K6: MISSISSIPPIAN | L6: Dean | M6: Mississippian | N6: 11589 | O6: 8544 | P6: 21793 | Q6: 3045 | R6: CLR | S6: t
A7: 4213543905 | B7: JF COWDEN 18 1H | C7: Horizontal | D7: Oil | E7: Maverick Natural Resources | F7: Diversified Energy | G7: MAVERICK PERMIAN LLC | H7: Producing | J7: 08;60050 | K7: WICHITA | L7: Wichita | N7: 6617 | O7: 3398 | P7: 12138 | Q7: 3219 | R7: DECPF | S7: t
A8: 4213543906 | B8: JF COWDEN 08X05 1H | C8: Horizontal | D8: Oil | E8: Maverick Natural Resources | F8: Diversified Energy | G8: MAVERICK PERMIAN LLC | H8: Producing | J8: 08;60080 | K8: WICHITA | L8: Wichita | N8: 6759 | O8: 3540 | P8: 17270 | Q8: 3219 | R8: DECPF | S8: t
A9: 4213543916 | B9: JF COWDEN 07X06 1H | C9: Horizontal | D9: Oil | E9: Maverick Natural Resources | F9: Diversified Energy | G9: MAVERICK PERMIAN LLC | H9: Producing | J9: 08;60079 | K9: WICHITA | L9: Wichita | N9: 6803 | O9: 3584 | P9: 17103 | Q9: 3219 | R9: DECPF | S9: t
A10: 4213543917 | B10: JF COWDEN 07X18 1H | C10: Horizontal | D10: Oil | E10: Maverick Natural Resources | F10: Diversified Energy | G10: MAVERICK PERMIAN LLC | H10: Producing | J10: 08;61053 | K10: WICHITA | L10: Wichita | N10: 6673 | O10: 3428 | P10: 17454 | Q10: 3245 | R10: DECPF | S10: t
A11: 4213544016 | B11: KATY UNIT 1H | C11: Horizontal | D11: Oil | E11: Ares Energy | F11: Ares Energy | G11: ARES ENERGY, LTD. | H11: Producing | J11: 08;62844 | K11: MISSISSIPPIAN | L11: Wolfcamp | M11: Mississippian | N11: 11260 | O11: 8189 | P11: 23220 | Q11: 3071 | S11: f
A12: 4213544063 | B12: GARDENDALE 12-1 01WB | C12: Horizontal | D12: Oil | E12: Slant Operating | F12: Slant Operating | G12: SLANT OPERATING, LLC | H12: Producing | K12: WOLFCAMP A | L12: Wolfcamp | M12: Wolfcamp A | N12: 8940 | O12: 5954 | P12: 19313 | Q12: 2986 | S12: f
A13: 4216538850 | B13: NORTH RILEY UNIT 2340H | C13: Horizontal | D13: Oil | E13: Sabinal Energy | F13: Sabinal Energy | G13: SABINAL ENERGY OPERATING, LLC | H13: Producing | J13: 8A;61559 | K13: UNKNOWN | L13: Other | N13: 6889 | O13: 3460 | P13: 12393 | Q13: 3429 | S13: f
A14: 4216538856 | B14: RUIDOSA 365 1H | C14: Horizontal | D14: Oil | E14: Sabinal Energy | F14: Sabinal Energy | G14: SABINAL ENERGY OPERATING, LLC | H14: Producing | J14: 8A;71291 | K14: SPRABERRY | L14: Spraberry | N14: 6793 | O14: 3341 | P14: 12254 | Q14: 3452 | S14: f
A15: 4216538858 | B15: NORTH RILEY UNIT 2330H | C15: Horizontal | D15: Oil | E15: Sabinal Energy | F15: Sabinal Energy | G15: SABINAL ENERGY OPERATING, LLC | H15: Producing | J15: 8A;61559 | K15: SPRABERRY | L15: Spraberry | N15: 6909 | O15: 3480 | P15: 13183 | Q15: 3429 | S15: f
A16: 4216538877 | B16: BISHOP DONAHUE FEE 1H | C16: Horizontal | D16: Oil | E16: Manzano | F16: Manzano | G16: MANZANO, LLC | H16: Producing | J16: 8A;71295 | K16: SPRABERRY | L16: Spraberry | N16: 8186 | O16: 4679 | P16: 17081 | Q16: 3507 | S16: f
A17: 4216538881 | B17: NORTH RILEY UNIT 2335H | C17: Horizontal | D17: Oil | E17: Sabinal Energy | F17: Sabinal Energy | G17: SABINAL ENERGY OPERATING, LLC | H17: Producing | J17: 8A;61559 | K17: SPRABERRY | L17: Spraberry | N17: 6879 | O17: 3450 | P17: 13025 | Q17: 3429 | S17: f
A18: 4216538884 | B18: SCRAMBLER A 5H | C18: Horizontal | D18: Oil | E18: Joint Resources | F18: Joint Resources | G18: JOINT RESOURCES COMPANY | H18: Producing | J18: 8A;70970 | K18: SAN ANDRES | L18: San Andres | N18: 5578 | O18: 1943 | P18: 12457 | Q18: 3635 | S18: f
A19: 4216538933 | B19: BLANTON 2325H | C19: Horizontal | D19: Oil | E19: Sabinal Energy | F19: Sabinal Energy | G19: SABINAL ENERGY OPERATING, LLC | H19: Producing | J19: 8A;71379 | K19: SPRABERRY | L19: Spraberry | N19: 6910 | O19: 3471 | P19: 16102 | Q19: 3439 | S19: f
A20: 4216538934 | B20: SHINER 2315H | C20: Horizontal | D20: Oil | E20: Sabinal Energy | F20: Sabinal Energy | G20: SABINAL ENERGY OPERATING, LLC | H20: Producing | J20: 8A;71385 | K20: SPRABERRY | L20: Spraberry | N20: 6889 | O20: 3450 | P20: 16059 | Q20: 3439 | S20: f
A21: 4200347862 | B21: UL 14 OBERON 5H | C21: Horizontal | D21: Oil | E21: Lime Rock Resources IV | F21: Ring Energy | G21: RING ENERGY, INC. | H21: Producing | J21: 08;46617 | K21: SAN ANDRES | L21: San Andres | N21: 4692 | O21: 1395 | P21: 10084 | Q21: 3297 | R21: REI | S21: t
A22: 4200347919 | B22: UNIVERSITY BLOCK 9 G MS 2H | C22: Horizontal | D22: Oil | E22: Exxon Mobil | F22: Exxon Mobil | G22: XTO ENERGY INC. | H22: Producing | J22: 08;52174 | K22: MISSISSIPPIAN | L22: Wolfcamp | M22: Mississippian | N22: 10392 | O22: 7229 | P22: 21417 | Q22: 3163 | R22: XOM | S22: t
A23: 4200347982 | B23: UNIVERSITY BLOCK 14 CONS. 2501XH | C23: Horizontal | D23: Oil | E23: Ring Energy | F23: Ring Energy | G23: RING ENERGY, INC. | H23: Producing | J23: 08;29524 | K23: SAN ANDRES | L23: San Andres | N23: 4751 | O23: 1503 | P23: 12550 | Q23: 3248 | R23: REI | S23: t
A24: 4200347985 | B24: UNIVERSITY BLOCK 14 CONS. 2506XH | C24: Horizontal | D24: Oil | E24: Ring Energy | F24: Ring Energy | G24: RING ENERGY, INC. | H24: Producing | J24: 08;29524 | K24: SAN ANDRES | L24: San Andres | N24: 4773 | O24: 1518 | P24: 12570 | Q24: 3255 | R24: REI | S24: t
A25: 4200348009 | B25: HADES 1H | C25: Horizontal | D25: Oil | E25: Ring Energy | F25: Ring Energy | G25: RING ENERGY, INC. | H25: Producing | J25: 08;60724 | K25: SAN ANDRES | L25: San Andres | N25: 4728 | O25: 1509 | P25: 10152 | Q25: 3219 | R25: REI | S25: t
A26: 4200348011 | B26: HEBE 1H | C26: Horizontal | D26: Oil | E26: Ring Energy | F26: Ring Energy | G26: RING ENERGY, INC. | H26: Producing | J26: 08;60725 | K26: SAN ANDRES | L26: San Andres | N26: 4697 | O26: 1468 | P26: 10105 | Q26: 3229 | R26: REI | S26: t
A27: 4200348043 | B27: UNIVERSITY 14SQ 1402H | C27: Horizontal | D27: Oil | E27: Ring Energy | F27: Ring Energy | G27: RING ENERGY, INC. | H27: Producing | J27: 08;61529 | K27: SAN ANDRES | L27: San Andres | N27: 4665 | O27: 1394 | P27: 10242 | Q27: 3271 | R27: REI | S27: t
A28: 4200348048 | B28: UNIVERSITY 14SR 1404H | C28: Horizontal | D28: Oil | E28: Ring Energy | F28: Ring Energy | G28: RING ENERGY, INC. | H28: Producing | J28: 08;62804 | K28: SAN ANDRES | L28: San Andres | N28: 4676 | O28: 1392 | P28: 10163 | Q28: 3284 | R28: REI | S28: t
A29: 4200348072 | B29: UNIVERSITY BLOCK 14 CONS. 2401H | C29: Horizontal | D29: Oil | E29: Ring Energy | F29: Ring Energy | G29: RING ENERGY, INC. | H29: Producing | J29: 08;29524 | K29: SAN ANDRES | L29: San Andres | N29: 4772 | O29: 1534 | P29: 10115 | Q29: 3238 | R29: REI | S29: t
A30: 4200348073 | B30: UNIVERSITY BLOCK 14 CONS. 2403H | C30: Horizontal | D30: Oil | E30: Ring Energy | F30: Ring Energy | G30: RING ENERGY, INC. | H30: Producing | J30: 08;29524 | K30: SAN ANDRES | L30: San Andres | N30: 4768 | O30: 1533 | P30: 10168 | Q30: 3235 | R30: REI | S30: t
A31: 4200348600 | B31: UL G 9-33 B 2H | C31: Horizontal | D31: Oil | E31: Elevation Resources | F31: Elevation Resources | G31: ELEVATION RESOURCES LLC | H31: Producing | J31: 08;59853 | K31: MISSISSIPPIAN | L31: Wolfcamp | M31: Mississippian | N31: 10101 | O31: 6908 | P31: 17045 | Q31: 3193 | S31: f
A32: 4200348655 | B32: UL G 9-25 D 4H | C32: Horizontal | D32: Oil | E32: Elevation Resources | F32: Elevation Resources | G32: ELEVATION RESOURCES LLC | H32: Producing | J32: 08;296524 | K32: MISSISSIPPIAN | L32: Wolfcamp | M32: Mississippian | N32: 10439 | O32: 7302 | P32: 23318 | Q32: 3137 | S32: f
A33: 4200348694 | B33: DEEP ROCK 23 1H | C33: Horizontal | D33: Oil | E33: Ica Energy | F33: Ica Energy | G33: ICA ENERGY OPERATING, L.L.C. | H33: Producing | J33: 08;61090 | K33: SAN ANDRES | L33: San Andres | N33: 4284 | O33: 1046 | P33: 9479 | Q33: 3238 | S33: f
A34: 4200348761 | B34: ZENA 1XH | C34: Horizontal | D34: Oil | E34: Ring Energy | F34: Ring Energy | G34: RING ENERGY, INC. | H34: Producing | J34: 08;60917 | K34: SAN ANDRES | L34: San Andres | N34: 4684 | O34: 1478 | P34: 12797 | Q34: 3206 | R34: REI | S34: t
A35: 4200348762 | B35: ZENA WP 2XH | C35: Horizontal | D35: Oil | E35: Ring Energy | F35: Ring Energy | G35: RING ENERGY, INC. | H35: Producing | J35: 08;60918 | K35: SAN ANDRES | L35: San Andres | N35: 4695 | O35: 1486 | P35: 12795 | Q35: 3209 | R35: REI | S35: t
A36: 4200348806 | B36: UNIVERSITY A12 2H | C36: Horizontal | D36: Oil | E36: Custer & Wright Operating | F36: Custer & Wright Operating | G36: CUSTER & WRIGHT OPERATING, INC. | H36: Producing | J36: 08;58804 | K36: GRAYBURG | L36: Grayburg | N36: 4356 | O36: 1111 | P36: 10351 | Q36: 3245 | S36: f
A37: 4200348819 | B37: DEEP ROCK 23 2H | C37: Horizontal | D37: Oil | E37: Ica Energy | F37: Ica Energy | G37: ICA ENERGY OPERATING, L.L.C. | H37: Producing | J37: 08;61090 | K37: GRAYBURG | L37: Grayburg | N37: 4278 | O37: 1059 | P37: 9427 | Q37: 3219 | S37: f
A38: 4200348820 | B38: DEEP ROCK 23 3H | C38: Horizontal | D38: Oil | E38: Ica Energy | F38: Ica Energy | G38: ICA ENERGY OPERATING, L.L.C. | H38: Producing | J38: 08;61090 | K38: GRAYBURG | L38: Grayburg | N38: 4284 | O38: 1039 | P38: 9318 | Q38: 3245 | S38: f
A39: 4200348838 | B39: UL G 9-48 C 3H | C39: Horizontal | D39: Oil | E39: Elevation Resources | F39: Elevation Resources | G39: ELEVATION RESOURCES LLC | H39: Producing | J39: 08;61528 | K39: MISSISSIPPIAN | L39: Wolfcamp | M39: Mississippian | N39: 10756 | O39: 7642 | P39: 18250 | Q39: 3114 | S39: f
A40: 4200348839 | B40: UL G 9-48 D 4H | C40: Horizontal | D40: Oil | E40: Elevation Resources | F40: Elevation Resources | G40: ELEVATION RESOURCES LLC | H40: Producing | J40: 08;61322 | K40: MISSISSIPPIAN | L40: Wolfcamp | M40: Mississippian | N40: 10785 | O40: 7671 | P40: 18230 | Q40: 3114 | S40: f
A41: 4200348842 | B41: UL G 9-44 C 3H | C41: Horizontal | D41: Oil | E41: Elevation Resources | F41: Elevation Resources | G41: ELEVATION RESOURCES LLC | H41: Producing | J41: 08;61985 | K41: MISSISSIPPIAN | L41: Wolfcamp | M41: Mississippian | N41: 10292 | O41: 7152 | P41: 19220 | Q41: 3140 | S41: f
A42: 4200348843 | B42: UL G 1-35 C 3H | C42: Horizontal | D42: Oil | E42: Elevation Resources | F42: Elevation Resources | G42: ELEVATION RESOURCES LLC | H42: Producing | J42: 08;297791 | K42: MISSISSIPPIAN | L42: Wolfcamp | M42: Mississippian | N42: 10845 | O42: 7741 | P42: 19600 | Q42: 3104 | S42: f
A43: 4200348848 | B43: UL G 9-34 D 4H | C43: Horizontal | D43: Oil | E43: Elevation Resources | F43: Elevation Resources | G43: ELEVATION RESOURCES LLC | H43: Producing | J43: 08;61786 | K43: MISSISSIPPIAN | L43: Wolfcamp | M43: Mississippian | N43: 10268 | O43: 7131 | P43: 19155 | Q43: 3137 | S43: f
A44: 4200348850 | B44: FASKEN ZA 4143 1LB | C44: Horizontal | D44: Oil | E44: Fasken Oil | F44: Fasken Oil | G44: FASKEN OIL AND RANCH, LTD. | H44: Producing | J44: 08;298974 | K44: WOODFORD | L44: Wolfcamp | M44: Woodford | N44: 11002 | O44: 7901 | P44: 21717 | Q44: 3101 | S44: f
A45: 4200348851 | B45: FASKEN ZB 4143 2LB | C45: Horizontal | D45: Oil | E45: Fasken Oil | F45: Fasken Oil | G45: FASKEN OIL AND RANCH, LTD. | H45: Producing | J45: 08;61062 | K45: MISSISSIPPIAN | L45: Wolfcamp | M45: Mississippian | N45: 11115 | O45: 8014 | P45: 21696 | Q45: 3101 | S45: f
A46: 4200348865 | B46: BLUTO UNIT 11-16 2BM | C46: Horizontal | D46: Oil | E46: Admiral Permian Resources | F46: Admiral Permian Resources | G46: ADMIRAL PERMIAN OPERATING LLC | H46: Producing | J46: 08;62688 | K46: MISSISSIPPIAN | L46: Wolfcamp | M46: Mississippian | N46: 10826 | O46: 7683 | P46: 19040 | Q46: 3143 | S46: f
A47: 4200348867 | B47: UL G 9-45 A 1H | C47: Horizontal | D47: Oil | E47: Elevation Resources | F47: Elevation Resources | G47: ELEVATION RESOURCES LLC | H47: Producing | J47: 08;62012 | K47: MISSISSIPPIAN | L47: Wolfcamp | M47: Mississippian | N47: 10362 | O47: 7215 | P47: 20620 | Q47: 3147 | S47: f
A48: 4200348868 | B48: UL G 9-45 B 2H | C48: Horizontal | D48: Oil | E48: Elevation Resources | F48: Elevation Resources | G48: ELEVATION RESOURCES LLC | H48: Producing | J48: 08;62013 | K48: MISSISSIPPIAN | L48: Wolfcamp | M48: Mississippian | N48: 10449 | O48: 7302 | P48: 20800 | Q48: 3147 | S48: f
A49: 4200348870 | B49: FEE 'BP' 1417JM | C49: Horizontal | D49: Oil | E49: Fasken Oil | F49: Fasken Oil | G49: FASKEN OIL AND RANCH, LTD. | H49: Producing | J49: 08;54222 | K49: JO MILL | L49: Spraberry | M49: Jo Mill | N49: 9147 | O49: 6187 | P49: 19686 | Q49: 2960 | S49: f
A50: 4200348887 | B50: UL G 1-7 A 1H | C50: Horizontal | D50: Oil | E50: Elevation Resources | F50: Elevation Resources | G50: ELEVATION RESOURCES LLC | H50: Producing | J50: 08;62918 | K50: MISSISSIPPIAN | L50: Wolfcamp | M50: Mississippian | N50: 10456 | O50: 7273 | P50: 21174 | Q50: 3183 | S50: f
... A55: 4200348893 | B55: UL G 1-5 D 4H | C55: Horizontal | D55: Oil | E55: Elevation Resources | F55: Elevation Resources | G55: ELEVATION RESOURCES LLC | H55: Producing | J55: 08;298679 | K55: MISSISSIPPIAN | L55: Dean | M55: Mississippian | N55: 10604 | O55: 7431 | P55: 18035 | Q55: 3173 | S55: f
A56: 4200348895 | B56: HOMER 1H | C56: Horizontal | D56: Oil | E56: Ring Energy | F56: Ring Energy | G56: RING ENERGY, INC. | H56: Producing | J56: 08;61420 | K56: SAN ANDRES | L56: San Andres | N56: 4710 | O56: 1504 | P56: 10097 | Q56: 3206 | R56: REI | S56: t
A57: 4200348896 | B57: HELIOS 1H | C57: Horizontal | D57: Oil | E57: Ring Energy | F57: Ring Energy | G57: RING ENERGY, INC. | H57: Producing | J57: 08;61732 | K57: SAN ANDRES | L57: San Andres | N57: 4712 | O57: 1497 | P57: 10130 | Q57: 3215 | R57: REI | S57: t
A58: 4200348897 | B58: HARMONIA 1H | C58: Horizontal | D58: Oil | E58: Ring Energy | F58: Ring Energy | G58: RING ENERGY, INC. | H58: Producing | J58: 08;61898 | K58: SAN ANDRES | L58: San Andres | N58: 4698 | O58: 1499 | P58: 10105 | Q58: 3199 | R58: REI | S58: t
A59: 4200348921 | B59: SAVAGE 6H | C59: Horizontal | D59: Oil | E59: Ring Energy | F59: Ring Energy | G59: RING ENERGY, INC. | H59: Producing | J59: 08;27005 | K59: SAN ANDRES | L59: San Andres | N59: 4720 | O59: 1495 | P59: 10200 | Q59: 3225 | R59: REI | S59: t
A60: 4200348922 | B60: SAVAGE 5H | C60: Horizontal | D60: Oil | E60: Ring Energy | F60: Ring Energy | G60: RING ENERGY, INC. | H60: Producing | J60: 08;27005 | K60: SAN ANDRES | L60: San Andres | N60: 4720 | O60: 1491 | P60: 10175 | Q60: 3229 | R60: REI | S60: t
A61: 4200348923 | B61: SAVAGE 4H | C61: Horizontal | D61: Oil | E61: Ring Energy | F61: Ring Energy | G61: RING ENERGY, INC. | H61: Producing | J61: 08;27005 | K61: SAN ANDRES | L61: San Andres | N61: 4709 | O61: 1487 | P61: 10172 | Q61: 3222 | R61: REI | S61: t
A62: 4200348924 | B62: SAVAGE 3H | C62: Horizontal | D62: Oil | E62: Ring Energy | F62: Ring Energy | G62: RING ENERGY, INC. | H62: Producing | J62: 08;27005 | K62: SAN ANDRES | L62: San Andres | N62: 4702 | O62: 1467 | P62: 10150 | Q62: 3235 | R62: REI | S62: t
A63: 4200348925 | B63: SAVAGE 2H | C63: Horizontal | D63: Oil | E63: Ring Energy | F63: Ring Energy | G63: RING ENERGY, INC. | H63: Producing | J63: 08;27005 | K63: SAN ANDRES | L63: San Andres | N63: 4699 | O63: 1480 | P63: 10085 | Q63: 3219 | R63: REI | S63: t
A64: 4200348926 | B64: SAVAGE 1H | C64: Horizontal | D64: Oil | E64: Ring Energy | F64: Ring Energy | G64: RING ENERGY, INC. | H64: Producing | J64: 08;27005 | K64: SAN ANDRES | L64: San Andres | N64: 4696 | O64: 1471 | P64: 10075 | Q64: 3225 | R64: REI | S64: t
A65: 4200348927 | B65: BLOCK 10 FUHRMAN-MASCHO UNIT 2101H | C65: Horizontal | D65: Oil | E65: Sabinal Energy | F65: Sabinal Energy | G65: SABINAL ENERGY OPERATING, LLC | H65: Producing | J65: 08;21930 | K65: SAN ANDRES | L65: San Andres | N65: 4564 | O65: 1342 | P65: 12560 | Q65: 3222 | S65: f
A66: 4200348928 | B66: BLOCK 10 FUHRMAN-MASCHO UNIT 2610H | C66: Horizontal | D66: Oil | E66: Sabinal Energy | F66: Sabinal Energy | G66: SABINAL ENERGY OPERATING, LLC | H66: Producing | J66: 08;21930 | K66: SAN ANDRES | L66: San Andres | N66: 4465 | O66: 1243 | P66: 11892 | Q66: 3222 | S66: f
A67: 4200348973 | B67: NEIDERMEYER UNIT 11-16 4BM | C67: Horizontal | D67: Oil | E67: Admiral Permian Resources | F67: Admiral Permian Resources | G67: ADMIRAL PERMIAN OPERATING LLC | H67: Producing | J67: 08;62638 | K67: BARNETT | L67: Wolfcamp | M67: Barnett | N67: 10895 | O67: 7765 | P67: 21552 | Q67: 3130 | S67: f
A68: 4200348990 | B68: UL G 1-25 D 4H | C68: Horizontal | D68: Oil | E68: Elevation Resources | F68: Elevation Resources | G68: ELEVATION RESOURCES LLC | H68: Producing | J68: 08;299180 | K68: BARNETT | L68: Wolfcamp | M68: Barnett | N68: 10498 | O68: 7345 | P68: 17438 | Q68: 3153 | S68: f
A69: 4232940221 | B69: MARALO 41-32 ALLOCATION 3221 3221SH | C69: Horizontal | D69: Oil | E69: Exxon Mobil | F69: Exxon Mobil | G69: XTO ENERGY INC. | H69: Producing | J69: 08;47166 | K69: LOWER SPRABERRY SHALE | L69: Spraberry | M69: Lower Spraberry Shale | N69: 8732 | O69: 5930 | P69: 19851 | Q69: 2802 | R69: XOM | S69: t
A70: 4232941466 | B70: DENISE 2026LA | C70: Horizontal | D70: Oil | E70: Henry Resources | F70: Vital Energy | G70: VITAL ENERGY, INC. | H70: Producing | J70: 08;45874 | K70: LOWER SPRABERRY SHALE | L70: Spraberry | M70: Lower Spraberry Shale | N70: 8981 | O70: 6136 | P70: 19127 | Q70: 2845 | R70: VTLE | S70: t
A71: 4210336283 | B71: MCKNIGHT, M. B. 510 | C71: Horizontal | D71: Oil | E71: Devon Energy | F71: Ring Energy | G71: RING ENERGY, INC. | H71: Producing | J71: 08;18323 | K71: TUBB | L71: Tubb | N71: 5990 | O71: 3263 | P71: 11592 | Q71: 2727 | R71: REI | S71: t
A72: 4210337075 | B72: WADDELL TR A 4505H | C72: Horizontal | D72: Oil | E72: Blackbeard | F72: Blackbeard | G72: BLACKBEARD OPERATING, LLC | H72: Producing | J72: 08;05294 | K72: TUBB | L72: Tubb | N72: 4682 | O72: 2021 | P72: 12678 | Q72: 2661 | S72: f
A73: 4210337128 | B73: WADDELL TR A 4515H | C73: Horizontal | D73: Oil | E73: Blackbeard | F73: Blackbeard | G73: BLACKBEARD OPERATING, LLC | H73: Producing | J73: 08;05294 | K73: TUBB | L73: Tubb | N73: 4490 | O73: 1829 | P73: 11613 | Q73: 2661 | S73: f
A74: 4210337139 | B74: WADDELL TR 3 5200H | C74: Horizontal | D74: Oil | E74: Blackbeard | F74: Blackbeard | G74: BLACKBEARD OPERATING, LLC | H74: Producing | J74: 08;21511 | K74: SPRABERRY | L74: Spraberry | N74: 7975 | O74: 5258 | P74: 13315 | Q74: 2717 | S74: f
A75: 4210337149 | B75: WADDELL TR A 4013H | C75: Horizontal | D75: Oil | E75: Blackbeard | F75: Blackbeard | G75: BLACKBEARD OPERATING, LLC | H75: Producing | J75: 08;05263 | K75: SAN ANDRES | L75: San Andres | N75: 3440 | O75: 766 | P75: 8727 | Q75: 2674 | S75: f
A76: 4210337151 | B76: WADDELL TR A 4022H | C76: Horizontal | D76: Oil | E76: Blackbeard | F76: Blackbeard | G76: BLACKBEARD OPERATING, LLC | H76: Producing | J76: 08;05263 | K76: SAN ANDRES | L76: San Andres | N76: 3411 | O76: 730 | P76: 8689 | Q76: 2681 | S76: f
A77: 4210337152 | B77: WADDELL TR A 4016H | C77: Horizontal | D77: Oil | E77: Blackbeard | F77: Blackbeard | G77: BLACKBEARD OPERATING, LLC | H77: Producing | J77: 08;05263 | K77: SAN ANDRES | L77: San Andres | N77: 3389 | O77: 721 | P77: 8241 | Q77: 2668 | S77: f
A78: 4210337169 | B78: WADDELL TR A 4015H | C78: Horizontal | D78: Oil | E78: Blackbeard | F78: Blackbeard | G78: BLACKBEARD OPERATING, LLC | H78: Producing | J78: 08;05263 | K78: SAN ANDRES | L78: San Andres | N78: 3442 | O78: 778 | P78: 8792 | Q78: 2664 | S78: f
A79: 4210337188 | B79: WADDELL TR A 5001H | C79: Horizontal | D79: Oil | E79: Blackbeard | F79: Blackbeard | G79: BLACKBEARD OPERATING, LLC | H79: Producing | J79: 08;12207 | K79: WICHITA | L79: Wichita | N79: 5160 | O79: 2476 | P79: 13181 | Q79: 2684 | S79: f
A80: 4210337200 | B80: WADDELL TR A 4023H | C80: Horizontal | D80: Oil | E80: Blackbeard | F80: Blackbeard | G80: BLACKBEARD OPERATING, LLC | H80: Producing | J80: 08;05263 | K80: SAN ANDRES | L80: San Andres | N80: 3467 | O80: 780 | P80: 10485 | Q80: 2687 | S80: f
A81: 4210337221 | B81: WADDELL TR A 5005H | C81: Horizontal | D81: Oil | E81: Blackbeard | F81: Blackbeard | G81: BLACKBEARD OPERATING, LLC | H81: Producing | J81: 08;12207 | K81: WICHITA | L81: Wichita | N81: 5231 | O81: 2514 | P81: 14726 | Q81: 2717 | S81: f
A82: 4210337236 | B82: WADDELL TR A 4031H | C82: Horizontal | D82: Oil | E82: Blackbeard | F82: Blackbeard | G82: BLACKBEARD OPERATING, LLC | H82: Producing | J82: 08;05263 | K82: SAN ANDRES | L82: San Andres | N82: 3385 | O82: 711 | P82: 8855 | Q82: 2674 | S82: f
A83: 4210337249 | B83: WADDELL TR A 5002H | C83: Horizontal | D83: Oil | E83: Blackbeard | F83: Blackbeard | G83: BLACKBEARD OPERATING, LLC | H83: Producing | J83: 08;12207 | K83: WICHITA | L83: Wichita | N83: 5195 | O83: 2511 | P83: 10361 | Q83: 2684 | S83: f
... A95: 4210337349 | B95: WADDELL TR A 4805H | C95: Horizontal | D95: Oil | E95: Blackbeard | F95: Blackbeard | G95: BLACKBEARD OPERATING, LLC | H95: Producing | J95: 08;15266 | K95: SAN ANDRES | L95: San Andres | N95: 3179 | O95: 508 | P95: 8133 | Q95: 2671 | S95: f
A96: 4210337364 | B96: FLY BY NIGHT 10-46 1BN | C96: Horizontal | D96: Oil | E96: Diamondback | F96: Diamondback | G96: DIAMONDBACK E&P LLC | H96: Producing | J96: 08;60307 | K96: SUB-WOODFORD | L96: Dean | M96: Sub-Woodford | N96: 11482 | O96: 8650 | P96: 23650 | Q96: 2832 | R96: FANG | S96: t
A97: 4210337368 | B97: WADDELL TR A 5030H | C97: Horizontal | D97: Oil | E97: Blackbeard | F97: Blackbeard | G97: BLACKBEARD OPERATING, LLC | H97: Producing | J97: 08;12207 | K97: WICHITA | L97: Wichita | N97: 5279 | O97: 2602 | P97: 11423 | Q97: 2677 | S97: f
A98: 4210337373 | B98: WADDELL TR A 5027H | C98: Horizontal | D98: Oil | E98: Blackbeard | F98: Blackbeard | G98: BLACKBEARD OPERATING, LLC | H98: Producing | J98: 08;12207 | K98: WOLFCAMP | L98: Wolfcamp | N98: 5505 | O98: 2828 | P98: 14902 | Q98: 2677 | S98: f
A99: 4210337382 | B99: WADDELL TR 3 5310H | C99: Horizontal | D99: Oil | E99: Blackbeard | F99: Blackbeard | G99: BLACKBEARD OPERATING, LLC | H99: Producing | J99: 08;21511 | K99: SPRABERRY | L99: Spraberry | N99: 7972 | O99: 5252 | P99: 18789 | Q99: 2720 | S99: f
A100: 4210337386 | B100: WADDELL TR A 4089H | C100: Horizontal | D100: Oil | E100: Blackbeard | F100: Blackbeard | G100: BLACKBEARD OPERATING, LLC | H100: Producing | J100: 08;05263 | K100: SAN ANDRES | L100: San Andres | N100: 3516 | O100: 868 | P100: 12225 | Q100: 2648 | S100: f
A101: 4210337390 | B101: WADDELL TR A 4037H | C101: Horizontal | D101: Oil | E101: Blackbeard | F101: Blackbeard | G101: BLACKBEARD OPERATING, LLC | H101: Producing | J101: 08;05263 | K101: SAN ANDRES | L101: San Andres | N101: 3476 | O101: 795 | P101: 7582 | Q101: 2681 | S101: f
A102: 4210337391 | B102: WADDELL TR A 5411H | C102: Horizontal | D102: Oil | E102: Blackbeard | F102: Blackbeard | G102: BLACKBEARD OPERATING, LLC | H102: Producing | J102: 08;12207 | K102: WICHITA | L102: Wichita | N102: 5267 | O102: 2586 | P102: 15740 | Q102: 2681 | S102: f
A103: 4210337392 | B103: WADDELL TR A 4055H | C103: Horizontal | D103: Oil | E103: Blackbeard | F103: Blackbeard | G103: BLACKBEARD OPERATING, LLC | H103: Producing | J103: 08;05263 | K103: SAN ANDRES | L103: San Andres | N103: 3483 | O103: 802 | P103: 13514 | Q103: 2681 | S103: f
A104: 4210337393 | B104: WADDELL TR A 5407H | C104: Horizontal | D104: Oil | E104: Blackbeard | F104: Blackbeard | G104: BLACKBEARD OPERATING, LLC | H104: Producing | J104: 08;12207 | K104: WICHITA | L104: Wichita | N104: 5163 | O104: 2482 | P104: 15377 | Q104: 2681 | S104: f
A105: 4210337395 | B105: WADDELL TR A 5600H | C105: Horizontal | D105: Oil | E105: Blackbeard | F105: Blackbeard | G105: BLACKBEARD OPERATING, LLC | H105: Producing | J105: 08;12508 | K105: WOLFCAMP | L105: Wolfcamp | N105: 5914 | O105: 3253 | P105: 13896 | Q105: 2661 | S105: f
A106: 4210337396 | B106: WADDELL TR A 5042H | C106: Horizontal | D106: Oil | E106: Blackbeard | F106: Blackbeard | G106: BLACKBEARD OPERATING, LLC | H106: Producing | J106: 08;12207 | K106: WICHITA | L106: Wichita | N106: 5399 | O106: 2738 | P106: 13383 | Q106: 2661 | S106: f
A107: 4210337409 | B107: WADDELL TR A 4040H | C107: Horizontal | D107: Oil | E107: Blackbeard | F107: Blackbeard | G107: BLACKBEARD OPERATING, LLC | H107: Producing | J107: 08;05263 | K107: SAN ANDRES | L107: San Andres | N107: 3473 | O107: 796 | P107: 10028 | Q107: 2677 | S107: f
A108: 4210337410 | B108: WADDELL TR A 4964H | C108: Horizontal | D108: Oil | E108: Blackbeard | F108: Blackbeard | G108: BLACKBEARD OPERATING, LLC | H108: Producing | J108: 08;45532 | K108: UNKNOWN | L108: Other | N108: 4194 | O108: 1517 | P108: 10798 | Q108: 2677 | S108: f
A109: 4210337412 | B109: WADDELL TR A 4518H | C109: Horizontal | D109: Oil | E109: Blackbeard | F109: Blackbeard | G109: BLACKBEARD OPERATING, LLC | H109: Producing | J109: 08;05294 | K109: TUBB | L109: Tubb | N109: 4518 | O109: 1841 | P109: 11205 | Q109: 2677 | S109: f
A110: 4210337421 | B110: UL LONETREE 22303 A 23-26 5H | C110: Horizontal | D110: Oil | E110: BTA Oil | F110: BTA Oil | G110: BTA OIL PRODUCERS, LLC | H110: Producing | J110: 08;63250 | K110: SUB-WOODFORD | L110: Wolfcamp | M110: Sub-Woodford | N110: 10188 | O110: 7514 | P110: 18358 | Q110: 2674 | S110: f
A111: 4210337422 | B111: UL LONETREE 22303 B 23-26 6H | C111: Horizontal | D111: Oil | E111: BTA Oil | F111: BTA Oil | G111: BTA OIL PRODUCERS, LLC | H111: Producing | J111: 08;62889 | K111: SUB-WOODFORD | L111: Wolfcamp | M111: Sub-Woodford | N111: 10134 | O111: 7460 | P111: 20755 | Q111: 2674 | S111: f
A112: 4210337428 | B112: WADDELL TR A 5404H | C112: Horizontal | D112: Oil | E112: Blackbeard | F112: Blackbeard | G112: BLACKBEARD OPERATING, LLC | H112: Producing | J112: 08;12207 | K112: WICHITA | L112: Wichita | N112: 5151 | O112: 2474 | P112: 11909 | Q112: 2677 | S112: f
A113: 4210337430 | B113: WADDELL TR A 4550H | C113: Horizontal | D113: Oil | E113: Blackbeard | F113: Blackbeard | G113: BLACKBEARD OPERATING, LLC | H113: Producing | J113: 08;05294 | K113: TUBB | L113: Tubb | N113: 4509 | O113: 1835 | P113: 12528 | Q113: 2674 | S113: f
A114: 4210337431 | B114: WADDELL TR A 4603H | C114: Horizontal | D114: Oil | E114: Blackbeard | F114: Blackbeard | G114: BLACKBEARD OPERATING, LLC | H114: Producing | J114: 08;05294 | K114: TUBB | L114: Tubb | N114: 4861 | O114: 2187 | P114: 12891 | Q114: 2674 | S114: f
A115: 4210337432 | B115: WADDELL TR A 4081H | C115: Horizontal | D115: Oil | E115: Blackbeard | F115: Blackbeard | G115: BLACKBEARD OPERATING, LLC | H115: Producing | J115: 08;05263 | K115: SAN ANDRES | L115: San Andres | N115: 3414 | O115: 740 | P115: 11421 | Q115: 2674 | S115: f
...
